{
  "name": "kurisuweaponproperties",
  "title": "Kurisu Weapon Properties",
  "description": "Adds custom weapon properties including firearm properties",
  "version": "0.1",
  "author": "Kurisu",
  "systems": ["dnd5e"],
  "styles": [],
  "scripts": ["kurisuweaponproperties.js"],
  "manifest": "https://github.com/Chris-Nas/Kurisu-Weapon-Properties/blob/main/module.json",
  "download": "https://github.com/Chris-Nas/Kurisu-Weapon-Properties/blob/main/KurisuWeaponProperties-main.zip",
  "minimumCoreVersion": "0.7.0",
  "compatibleCoreVersion": "0.7.9"
}
